{
    "language_en_done": {
        "granite": {
            "0.0": {
                "uas": 34.48529411764706,
                "las": 25.735294117647058
            },
            "0.1": {
                "uas": 32.542624166048924,
                "las": 24.981467753891774
            },
            "0.2": {
                "uas": 30.213706705969052,
                "las": 21.59174649963154
            },
            "0.3": {
                "uas": 0.0,
                "las": 0.0
            },
            "0.4": {
                "uas": 0.0,
                "las": 0.0
            },
            "0.5": {
                "uas": 0.0,
                "las": 0.0
            },
            "0.6": {
                "uas": 0.0,
                "las": 0.0
            },
            "0.7": {
                "uas": 0.0,
                "las": 0.0
            },
            "0.8": {
                "uas": 0.0,
                "las": 0.0
            },
            "0.9": {
                "uas": 0.0,
                "las": 0.0
            },
            "1.0": {
                "uas": 0.0,
                "las": 0.0
            }
        }
    },
    "granite": {},
    "language_es_done": {
        "granite": {
            "0.0": {
                "uas": 21.742367833209233,
                "las": 10.945644080416978
            },
            "0.1": {
                "uas": 19.661266568483065,
                "las": 10.309278350515463
            },
            "0.2": {
                "uas": 19.81132075471698,
                "las": 10.2322206095791
            },
            "0.3": {
                "uas": 0.0,
                "las": 0.0
            },
            "0.4": {
                "uas": 0.0,
                "las": 0.0
            },
            "0.5": {
                "uas": 0.0,
                "las": 0.0
            },
            "0.6": {
                "uas": 0.0,
                "las": 0.0
            },
            "0.7": {
                "uas": 0.0,
                "las": 0.0
            },
            "0.8": {
                "uas": 0.0,
                "las": 0.0
            },
            "0.9": {
                "uas": 0.0,
                "las": 0.0
            },
            "1.0": {
                "uas": 0.0,
                "las": 0.0
            }
        }
    },
    "language_hi_done": {
        "granite": {
            "0.0": {
                "uas": 9.053213545266066,
                "las": 1.38217000691085
            },
            "0.1": {
                "uas": 10.868079289131922,
                "las": 1.367053998632946
            },
            "0.2": {
                "uas": 12.141882673942701,
                "las": 2.046384720327422
            },
            "0.3": {
                "uas": 10.026737967914439,
                "las": 1.3368983957219251
            },
            "0.4": {
                "uas": 8.865710560625816,
                "las": 1.6297262059973925
            },
            "0.5": {
                "uas": 0.06798096532970768,
                "las": 0.0
            },
            "0.6": {
                "uas": 0.0,
                "las": 0.0
            },
            "0.7": {
                "uas": 0.0,
                "las": 0.0
            },
            "0.8": {
                "uas": 0.0,
                "las": 0.0
            },
            "0.9": {
                "uas": 0.0,
                "las": 0.0
            },
            "1.0": {
                "uas": 0.0,
                "las": 0.0
            }
        }
    },
    "language_de_done": {
        "granite": {
            "0.0": {
                "uas": 19.2274678111588,
                "las": 10.815450643776824
            },
            "0.1": {
                "uas": 21.51360544217687,
                "las": 12.15986394557823
            },
            "0.2": {
                "uas": 20.18348623853211,
                "las": 12.260216847372812
            },
            "0.3": {
                "uas": 16.071428571428573,
                "las": 7.711038961038962
            },
            "0.4": {
                "uas": 8.309859154929578,
                "las": 0.8450704225352111
            },
            "0.5": {
                "uas": 3.3083645443196,
                "las": 0.37453183520599254
            },
            "0.6": {
                "uas": 0.0,
                "las": 0.0
            },
            "0.7": {
                "uas": 0.0,
                "las": 0.0
            },
            "0.8": {
                "uas": 0.0,
                "las": 0.0
            },
            "0.9": {
                "uas": 0.0,
                "las": 0.0
            },
            "1.0": {
                "uas": 0.0,
                "las": 0.0
            }
        }
    },
    "language_zh_done": {
        "granite": {
            "0.0": {
                "uas": 11.287128712871288,
                "las": 1.9801980198019802
            },
            "0.1": {
                "uas": 10.87673038892551,
                "las": 1.4502307185234016
            },
            "0.2": {
                "uas": 12.557527942143325,
                "las": 2.1696252465483234
            },
            "0.3": {
                "uas": 8.989501312335959,
                "las": 0.8530183727034121
            },
            "0.4": {
                "uas": 8.434596140100071,
                "las": 0.7862759113652609
            },
            "0.5": {
                "uas": 5.378704720087816,
                "las": 0.43907793633369924
            },
            "0.6": {
                "uas": 0.0,
                "las": 0.0
            },
            "0.7": {
                "uas": 0.0,
                "las": 0.0
            },
            "0.8": {
                "uas": 0.0,
                "las": 0.0
            },
            "0.9": {
                "uas": 0.0,
                "las": 0.0
            },
            "1.0": {
                "uas": 0.0,
                "las": 0.0
            }
        }
    },
    "language_fr_done": {
        "granite": {
            "0.0": {
                "uas": 22.780203784570595,
                "las": 10.189228529839884
            },
            "0.1": {
                "uas": 22.365591397849464,
                "las": 10.89605734767025
            },
            "0.2": {
                "uas": 22.761970853573906,
                "las": 11.103400416377514
            },
            "0.3": {
                "uas": 0.0,
                "las": 0.0
            },
            "0.4": {
                "uas": 0.0,
                "las": 0.0
            },
            "0.5": {
                "uas": 0.0,
                "las": 0.0
            },
            "0.6": {
                "uas": 0.0,
                "las": 0.0
            },
            "0.7": {
                "uas": 0.0,
                "las": 0.0
            },
            "0.8": {
                "uas": 0.0,
                "las": 0.0
            },
            "0.9": {
                "uas": 0.0,
                "las": 0.0
            },
            "1.0": {
                "uas": 0.0,
                "las": 0.0
            }
        }
    },
    "language_ru_done": {
        "granite": {
            "0.0": {
                "uas": 18.28193832599119,
                "las": 7.195301027900147
            },
            "0.1": {
                "uas": 18.90909090909091,
                "las": 7.927272727272728
            },
            "0.2": {
                "uas": 17.0,
                "las": 5.642857142857142
            },
            "0.3": {
                "uas": 15.034965034965033,
                "las": 4.685314685314685
            },
            "0.4": {
                "uas": 10.369881109643329,
                "las": 2.7080581241743724
            },
            "0.5": {
                "uas": 8.322411533420707,
                "las": 1.7693315858453473
            },
            "0.6": {
                "uas": 0.4653567735263702,