{
    "language_en_done": {
        "bert": {
            "0.0": {
                "uas": 72.24608197709463,
                "las": 70.0534960819771
            },
            "0.1": {
                "uas": 71.86181434599156,
                "las": 69.70313441832428
            },
            "0.2": {
                "uas": 71.43233875828813,
                "las": 69.25105485232066
            },
            "0.3": {
                "uas": 70.83710066305004,
                "las": 68.65958408679927
            },
            "0.4": {
                "uas": 67.66877637130801,
                "las": 65.5666063893912
            },
            "0.6": {
                "uas": 56.41576250753466,
                "las": 54.54716696805304
            },
            "0.7": {
                "uas": 54.52079566003617,
                "las": 52.640898131404455
            },
            "0.8": {
                "uas": 53.43203737191079,
                "las": 51.54837251356239
            },
            "0.9": {
                "uas": 52.35081374321881,
                "las": 50.48598553345389
            },
            "1.0": {
                "uas": 51.44665461121157,
                "las": 49.532851115129596
            }
        },
        "roberta": {
            "0.0": {
                "uas": 65.10951029615076,
                "las": 63.14487375391108
            },
            "0.1": {
                "uas": 64.90213199446991,
                "las": 62.92294258895438
            },
            "0.2": {
                "uas": 63.98530160809139,
                "las": 62.031579713308595
            },
            "0.3": {
                "uas": 62.52273884886852,
                "las": 60.64541948628393
            },
            "0.4": {
                "uas": 60.405297242232415,
                "las": 58.618933275121876
            },
            "0.6": {
                "uas": 54.766062722840715,
                "las": 53.13250382012661
            },
            "0.7": {
                "uas": 51.98646583715346,
                "las": 50.396565524266904
            },
            "0.8": {
                "uas": 49.505202648621115,
                "las": 47.929855199010404
            },
            "0.9": {
                "uas": 46.903878338063016,
                "las": 45.364913046641924
            },
            "1.0": {
                "uas": 44.43352979698756,
                "las": 42.934584879575056
            }
        }
    },
    "language_es_done": {
        "bert": {
            "0.0": {
                "uas": 47.50797113609666,
                "las": 40.70873189013817
            },
            "0.1": {
                "uas": 47.2562510488337,
                "las": 40.52134026962018
            },
            "0.2": {
                "uas": 46.83112379034514,
                "las": 40.154947698159646
            },
            "0.3": {
                "uas": 46.14588577501818,
                "las": 39.49488169155899
            },
            "0.4": {
                "uas": 43.34340213682385,
                "las": 37.167869329305816
            },
            "0.6": {
                "uas": 32.45510991777144,
                "las": 27.703194048218382
            },
            "0.7": {
                "uas": 31.674777647256253,
                "las": 26.98159646473122
            },
            "0.8": {
                "uas": 31.062258768249706,
                "las": 26.39704648430945
            },
            "0.9": {
                "uas": 30.53364658499748,
                "las": 25.921575208368296
            },
            "1.0": {
                "uas": 29.91833081613246,
                "las": 25.297868769927838
            }
        },
        "roberta": {
            "0.0": {
                "uas": 48.716329388506004,
                "las": 42.57942282874324
            },
            "0.1": {
                "uas": 48.200115324418576,
                "las": 42.03849638924737
            },
            "0.2": {
                "uas": 47.195145391141985,
                "las": 41.093934484746974
            },
            "0.3": {
                "uas": 45.45429583459183,
                "las": 39.50959663911694
            },
            "0.4": {
                "uas": 43.394931217221774,
                "las": 37.58203135725857
            },
            "0.6": {
                "uas": 38.60347620747412,
                "las": 33.29855295312886
            },
            "0.7": {
                "uas": 36.09928883275214,
                "las": 30.997556220654054
            },
            "0.8": {
                "uas": 33.699442598643564,
                "las": 28.875037755017985
            },
            "0.9": {
                "uas": 31.631840522804033,
                "las": 27.08750926714078
            },
            "1.0": {
                "uas": 29.59444246135259,
                "las": 25.278014223344957
            }
        }
    },
    "language_hi_done": {
        "bert": {
            "0.0": {
                "uas": 14.398951069789618,
                "las": 8.06365099231182
            },
            "0.1": {
                "uas": 14.020501817748377,
                "las": 7.861016747124381
            },
            "0.2": {
                "uas": 13.776148757375289,
                "las": 7.685201740270577
            },
            "0.3": {
                "uas": 12.307050479766374,
                "las": 7.190535788783599
            },
            "0.4": {
                "uas": 11.332618153644436,
                "las": 6.779307467667918
            },
            "0.6": {
                "uas": 10.963108647714405,
                "las": 6.6362715298885515
            },
            "0.7": {
                "uas": 10.703856010489302,
                "las": 6.481315930627571
            },
            "0.8": {
                "uas": 10.519101257524287,
                "las": 6.344239823589009
            },
            "0.9": {
                "uas": 10.322426843077656,
                "las": 6.251862447106501
            },
            "1.0": {
                "uas": 10.048274629000536,
                "las": 6.064127778771082
            }
        },
        "roberta": {
            "0.0": {
                "uas": 25.45391061452514,
                "las": 17.196229050279328
            },
            "0.1": {
                "uas": 25.24732309124767,
                "las": 16.98091247672253
            },
            "0.2": {
                "uas": 24.79341247672253,
                "las": 16.6957635009311
            },
            "0.3": {
                "uas": 24.53736033519553,
                "las": 16.48917597765363
            },
            "0.4": {
                "uas": 24.089269087523277,
                "las": 16.201117318435752
            },
            "0.6": {
                "uas": 23.25709962756052,
                "las": 15.677374301675979
            },
            "0.7": {
                "uas": 22.823556797020483,
                "las": 15.27874767225326
            },
            "0.8": {
                "uas": 22.515130353817504,
                "las": 15.022695530726256
            },
            "0.9": {
                "uas": 21.96810986964618,
                "las": 14.702630353817506
            },
            "1.0": {
                "uas": 21.394902234636874,
                "las": 14.23708100558659
            }
        }
    },
    "language_de_done": {
        "bert": {
            "0.0": {
                "uas": 38.763804468795485,
                "las": 33.593014296721165
            },
            "0.1": {
                "uas": 37.83066518277545,
                "las": 32.7369232086294
            },
            "0.2": {
                "uas": 36.957452272921834,
                "las": 31.86371029877579
            },
            "0.3": {
                "uas": 35.887338412807125,
                "las": 30.904888280113003
            },