{
    "language_en_done": {
        "bert": {
            "0.0": 0.9543646325902575,
            "0.1": 0.9543646325902575,
            "0.2": 0.9543646325902575,
            "0.3": 0.9545898071005029,
            "0.4": 0.9546648652705847,
            "0.6": 0.9538392253996848,
            "0.7": 0.9535389927193575,
            "0.8": 0.9534639345492757,
            "0.9": 0.9527884110185394,
            "1.0": 0.9526382946783758
        },
        "roberta": {
            "0.0": 0.9487352698341215,
            "0.1": 0.9486602116640396,
            "0.2": 0.948510095323876,
            "0.3": 0.9484350371537942,
            "0.4": 0.9482098626435488,
            "0.6": 0.947309164602567,
            "0.7": 0.9472341064324852,
            "0.8": 0.9469338737521579,
            "0.9": 0.9459581175410944,
            "1.0": 0.9451324776701944
        }
    },
    "language_es_done": {
        "bert": {
            "0.0": 0.9351507948298915,
            "0.1": 0.935002228495023,
            "0.2": 0.9350765116624573,
            "0.3": 0.9344822463229832,
            "0.4": 0.9341108304858119,
            "0.6": 0.9338879809835091,
            "0.7": 0.9341851136532462,
            "0.8": 0.9339622641509434,
            "0.9": 0.9332194324766008,
            "1.0": 0.9332194324766008
        },
        "roberta": {
            "0.0": 0.9020205021542118,
            "0.1": 0.90320903283316,
            "0.2": 0.9058089436933591,
            "0.3": 0.9081117218838212,
            "0.4": 0.9110087654137572,
            "0.6": 0.9147229237854703,
            "0.7": 0.9163571534690239,
            "0.8": 0.917248551478235,
            "0.9": 0.918659931659486,
            "1.0": 0.9185113653246174
        }
    },
    "language_hi_done": {
        "bert": {
            "0.0": 0.8782266466026161,
            "0.1": 0.8805417293668248,
            "0.2": 0.8826253038546128,
            "0.3": 0.8835513369602963,
            "0.4": 0.8845931242041903,
            "0.6": 0.8874869776594513,
            "0.7": 0.8892232897326079,
            "0.8": 0.8902650769765019,
            "0.9": 0.891075355943975,
            "1.0": 0.8908438476675541
        },
        "roberta": {
            "0.0": 0.8926959138789212,
            "0.1": 0.8967473087162866,
            "0.2": 0.8997569163097581,
            "0.3": 0.9019562449357564,
            "0.4": 0.9045028359763861,
            "0.6": 0.9079754601226994,
            "0.7": 0.9087857390901725,
            "0.8": 0.9077439518462785,
            "0.9": 0.9067021646023845,
            "1.0": 0.9063549021877532
        }
    },
    "language_de_done": {
        "bert": {
            "0.0": 0.8988269794721407,
            "0.1": 0.899226872833911,
            "0.2": 0.8996267661956812,
            "0.3": 0.900693148493735,
            "0.4": 0.9013596374300187,
            "0.6": 0.9024260197280725,
            "0.7": 0.9028259130898427,
            "0.8": 0.9021594241535591,
            "0.9": 0.9016262330045322,
            "1.0": 0.9014929352172754
        },
        "roberta": {
            "0.0": 0.8696347640629165,
            "0.1": 0.8709677419354839,
            "0.2": 0.8729672087443349,
            "0.3": 0.8743001866169021,
            "0.4": 0.8754998667022127,
            "0.6": 0.8786990135963743,
            "0.7": 0.8797653958944281,
            "0.8": 0.8804318848307118,
            "0.9": 0.8816315649160223,
            "1.0": 0.8825646494268196
        }
    },
    "language_zh_done": {
        "bert": {
            "0.0": 0.8071010534529848,
            "0.1": 0.8119391338275458,
            "0.2": 0.8164650799843933,
            "0.3": 0.818728053062817,
            "0.4": 0.8213031603589543,
            "0.6": 0.8237222005462349,
            "0.7": 0.8253609051892313,
            "0.8": 0.8265314085056574,
            "0.9": 0.8275458447132267,
            "1.0": 0.8280920795942255
        },
        "roberta": {
            "0.0": 0.6767850175575497,
            "0.1": 0.6768630511119782,
            "0.2": 0.6770971517752634,
            "0.3": 0.6755364806866953,
            "0.4": 0.6731174404994148,
            "0.6": 0.6682793601248537,
            "0.7": 0.6647678501755755,
            "0.8": 0.6618025751072961,
            "0.9": 0.659461568474444,
            "1.0": 0.6571985953960203
        }
    }
}