{
    "language_en_done": {
        "granite": {
            "0.0": 0.9353891336270191,
            "0.1": 0.9361233480176211,
            "0.2": 0.9404849375459221,
            "0.3": 0.0006389776357827476,
            "0.4": 0.0,
            "0.5": 0.0,
            "0.6": 0.0,
            "0.7": 0.0,
            "0.8": 0.0,
            "0.9": 0.0,
            "1.0": 0.0
        }
    },
    "granite": {},
    "language_es_done": {
        "granite": {
            "0.0": 0.8443604284814115,
            "0.1": 0.8592171717171717,
            "0.2": 0.8689043698543382,
            "0.3": 0.0,
            "0.4": 0.0,
            "0.5": 0.0,
            "0.6": 0.0,
            "0.7": 0.0,
            "0.8": 0.0,
            "0.9": 0.0,
            "1.0": 0.0
        }
    },
    "language_hi_done": {
        "granite": {
            "0.0": 0.71875,
            "0.1": 0.7310742609949531,
            "0.2": 0.6929879974731522,
            "0.3": 0.5538387252535008,
            "0.4": 0.4204718417047184,
            "0.5": 0.21373257614868352,
            "0.6": 0.0,
            "0.7": 0.0,
            "0.8": 0.0,
            "0.9": 0.0,
            "1.0": 0.0
        }
    },
    "language_de_done": {
        "granite": {
            "0.0": 0.7847469707769066,
            "0.1": 0.7896600566572238,
            "0.2": 0.7962052002810963,
            "0.3": 0.777394900068918,
            "0.4": 0.5125881168177241,
            "0.5": 0.1997060058798824,
            "0.6": 0.0,
            "0.7": 0.0,
            "0.8": 0.0,
            "0.9": 0.0,
            "1.0": 0.0
        }
    },
    "language_zh_done": {
        "granite": {
            "0.0": 0.5418875927889714,
            "0.1": 0.5515832482124617,
            "0.2": 0.5642753972075109,
            "0.3": 0.5426829268292683,
            "0.4": 0.33489791128842994,
            "0.5": 0.22809278350515463,
            "0.6": 0.01340033500837521,
            "0.7": 0.0,
            "0.8": 0.0,
            "0.9": 0.0,
            "1.0": 0.0
        }
    },
    "language_fr_done": {
        "granite": {
            "0.0": 0.8638562543192813,
            "0.1": 0.8726772195457674,
            "0.2": 0.8794520547945206,
            "0.3": 0.01110260336906585,
            "0.4": 0.0,
            "0.5": 0.0,
            "0.6": 0.0,
            "0.7": 0.0,
            "0.8": 0.0,
            "0.9": 0.0,
            "1.0": 0.0
        }
    },
    "language_ru_done": {
        "granite": {
            "0.0": 0.8374536464771323,
            "0.1": 0.8379351740696278,
            "0.2": 0.8321043675553035,
            "0.3": 0.7029924073246985,
            "0.4": 0.3264659270998415,
            "0.5": 0.2927816901408451,
            "0.6": 0.07599901936749204,
            "0.7": 0.0,
            "0.8": 0.0,
            "0.9": 0.0,
            "1.0": 0.0
        }
    }
}