{
    "language_en_done": {
        "bert": {
            "0.0": 0.9522630038279667,
            "0.1": 0.9519627711476394,
            "0.2": 0.9519627711476394,
            "0.3": 0.9519627711476394,
            "0.4": 0.9519627711476394,
            "0.5": 0.9519627711476394,
            "0.6": 0.9514373639570667,
            "0.7": 0.9512121894468213,
            "0.8": 0.9508368985964122,
            "0.9": 0.9508368985964122,
            "1.0": 0.950536665916085
        },
        "roberta": {
            "0.0": 0.9487352698341215,
            "0.1": 0.9486602116640396,
            "0.2": 0.948510095323876,
            "0.3": 0.9484350371537942,
            "0.4": 0.9482098626435488,
            "0.5": 0.9479096299632215,
            "0.6": 0.947309164602567,
            "0.7": 0.9472341064324852,
            "0.8": 0.9469338737521579,
            "0.9": 0.9459581175410944,
            "1.0": 0.9451324776701944
        },
        "qwen": {
            "0.0": 0.9453067257945307,
            "0.1": 0.9431314623338257,
            "0.2": 0.9334319526627219,
            "0.3": 0.9129464285714286,
            "0.4": 0.33281613653995346,
            "0.5": 0.0013221683561040105,
            "0.6": 0.0,
            "0.7": 0.0,
            "0.8": 0.0,
            "0.9": 0.0,
            "1.0": 0.0
        }
    },
    "bert": {},
    "roberta": {},
    "qwen": {},
    "language_es_done": {
        "bert": {
            "0.0": 0.9261625315703461,
            "0.1": 0.9260139652354776,
            "0.2": 0.9268310800772545,
            "0.3": 0.926979646412123,
            "0.4": 0.9263110979052147,
            "0.5": 0.9264596642400832,
            "0.6": 0.9270539295795572,
            "0.7": 0.9272024959144258,
            "0.8": 0.9277224780864656,
            "0.9": 0.9280196107562027,
            "1.0": 0.9279453275887684
        },
        "roberta": {
            "0.0": 0.9020205021542118,
            "0.1": 0.90320903283316,
            "0.2": 0.9058089436933591,
            "0.3": 0.9081117218838212,
            "0.4": 0.9110087654137572,
            "0.5": 0.9125687119298767,
            "0.6": 0.9147229237854703,
            "0.7": 0.9163571534690239,
            "0.8": 0.917248551478235,
            "0.9": 0.918659931659486,
            "1.0": 0.9185113653246174
        },
        "qwen": {
            "0.0": 0.8513513513513513,
            "0.1": 0.8698149329929802,
            "0.2": 0.8917721518987342,
            "0.3": 0.22002908788697279,
            "0.4": 0.00109717868338558,
            "0.5": 0.0,
            "0.6": 0.0,
            "0.7": 0.0,
            "0.8": 0.0,
            "0.9": 0.0,
            "1.0": 0.0
        }
    },
    "language_hi_done": {
        "bert": {
            "0.0": 0.8770691052205116,
            "0.1": 0.8790369255700892,
            "0.2": 0.8814677624725084,
            "0.3": 0.8816992707489293,
            "0.4": 0.884245861789559,
            "0.5": 0.8870239611066095,
            "0.6": 0.8878342400740826,
            "0.7": 0.8877184859358722,
            "0.8": 0.8880657483505036,
            "0.9": 0.8884130107651349,
            "1.0": 0.8882972566269244
        },
        "roberta": {
            "0.0": 0.8926959138789212,
            "0.1": 0.8967473087162866,
            "0.2": 0.8997569163097581,
            "0.3": 0.9019562449357564,
            "0.4": 0.9045028359763861,
            "0.5": 0.9065864104641741,
            "0.6": 0.9079754601226994,
            "0.7": 0.9087857390901725,
            "0.8": 0.9077439518462785,
            "0.9": 0.9067021646023845,
            "1.0": 0.9063549021877532
        },
        "qwen": {
            "0.0": 0.4098567818028644,
            "0.1": 0.4161367249602544,
            "0.2": 0.4459112577924459,
            "0.3": 0.37625129444252675,
            "0.4": 0.19552572706935123,
            "0.5": 0.0,
            "0.6": 0.0,
            "0.7": 0.0,
            "0.8": 0.0,
            "0.9": 0.0,
            "1.0": 0.0
        }
    },
    "language_de_done": {
        "bert": {
            "0.0": 0.8700346574246868,
            "0.1": 0.8725673153825646,
            "0.2": 0.8749666755531859,
            "0.3": 0.8760330578512396,
            "0.4": 0.8766995467875234,
            "0.5": 0.8772327379365502,
            "0.6": 0.8772327379365502,
            "0.7": 0.8765662490002666,
            "0.8": 0.8761663556384964,
            "0.9": 0.8761663556384964,
            "1.0": 0.8764329512130099
        },
        "roberta": {
            "0.0": 0.8696347640629165,
            "0.1": 0.8709677419354839,
            "0.2": 0.8729672087443349,
            "0.3": 0.8743001866169021,
            "0.4": 0.8754998667022127,
            "0.5": 0.8772327379365502,
            "0.6": 0.8786990135963743,
            "0.7": 0.8797653958944281,
            "0.8": 0.8804318848307118,
            "0.9": 0.8816315649160223,
            "1.0": 0.8825646494268196
        },
        "qwen": {
            "0.0": 0.7595588235294117,
            "0.1": 0.7810693641618497,
            "0.2": 0.7807078417765441,
            "0.3": 0.2491506228765572,
            "0.4": 0.17523896222121074,
            "0.5": 0.0,
            "0.6": 0.0,
            "0.7": 0.0,
            "0.8": 0.0,
            "0.9": 0.0,
            "1.0": 0.0
        }
    },
    "language_zh_done": {
        "bert": {
            "0.0": 0.8354272337104955,
            "0.1": 0.8376121732344909,
            "0.2": 0.8394849785407725,
            "0.3": 0.8413577838470543,
            "0.4": 0.842294186500195,
            "0.5": 0.843620756925478,
            "0.6": 0.8446351931330472,
            "0.7": 0.845181428014046,
            "0.8": 0.8454935622317596,
            "0.9": 0.8449473273507608,
            "1.0": 0.8454155286773313
        },
        "roberta": {
            "0.0": 0.6767850175575497,
            "0.1": 0.6768630511119782,
            "0.2": 0.6770971517752634,
            "0.3": 0.6755364806866953,
            "0.4": 0.6731174404994148,
            "0.5": 0.6713226687475614,
            "0.6": 0.6682793601248537,
            "0.7": 0.6647678501755755,
            "0.8": 0.6618025751072961,
            "0.9": 0.659461568474444,
            "1.0": 0.6571985953960203
        },
        "qwen": {
            "0.0": 0.5,
            "0.1": 0.4886616273899511,
            "0.2": 0.4026192075218267,
            "0.3": 0.24867724867724866,
            "0.4": 0.22931704608550804,
            "0.5": 0.0,
            "0.6": 0.0,
            "0.7": 0.0,
            "0.8": 0.0,
            "0.9": 0.0,
            "1.0": 0.0
        }
    },
    "language_fr_done": {
        "bert": {
            "0.0": 0.9134129536058796,
            "0.1": 0.9150972286020518,
            "0.2": 0.916628387689481,
            "0.3": 0.9170111774613382,
            "0.4": 0.9181595467769101,
            "0.5": 0.9185423365487674,
            "0.6": 0.9193844740468534,
            "0.7": 0.9198438217730822,
            "0.8": 0.919461032001225,
            "0.9": 0.9199969376818251,
            "1.0": 0.9200734956361966
        },
        "roberta": {
            "0.0": 0.888301944572041,
            "0.1": 0.8905221252488134,
            "0.2": 0.8928188638799571,
            "0.3": 0.8946562547848721,
            "0.4": 0.8973357831878732,
            "0.5": 0.8980248047772164,
            "0.6": 0.8994028479559026,
            "0.7": 0.9017761445414179,
            "0.8": 0.9036900934007044,
            "0.9": 0.9046853468075333,
            "1.0": 0.905144694533762
        },
        "qwen": {
            "0.0": 0.8525052928722654,
            "0.1": 0.8615600843288826,
            "0.2": 0.8485477178423236,
            "0.3": 0.7587244283995187,
            "0.4": 0.4106280193236715,
            "0.5": 0.0,
            "0.6": 0.0,
            "0.7": 0.0,
            "0.8": 0.0,
            "0.9": 0.0,
            "1.0": 0.0
        }
    },