{
    "language_en_done": {
        "bert": {
            "0.0": 0.8273092369477911,
            "0.1": 0.8269076305220884,
            "0.2": 0.8269076305220884,
            "0.3": 0.8273092369477911,
            "0.4": 0.8265060240963855,
            "0.6": 0.8192771084337349,
            "0.7": 0.8160642570281125,
            "0.8": 0.8116465863453816,
            "0.9": 0.8052208835341366,
            "1.0": 0.7899598393574297
        },
        "roberta": {
            "0.0": 0.8493975903614458,
            "0.1": 0.8481927710843373,
            "0.2": 0.8465863453815261,
            "0.3": 0.8457831325301205,
            "0.4": 0.8441767068273093,
            "0.6": 0.846987951807229,
            "0.7": 0.8485943775100402,
            "0.8": 0.8477911646586346,
            "0.9": 0.846987951807229,
            "1.0": 0.8457831325301205
        }
    },
    "language_es_done": {
        "bert": {
            "0.0": 0.7409638554216867,
            "0.1": 0.7409638554216867,
            "0.2": 0.7421686746987952,
            "0.3": 0.742570281124498,
            "0.4": 0.7385542168674699,
            "0.6": 0.7409638554216867,
            "0.7": 0.7337349397590361,
            "0.8": 0.7253012048192771,
            "0.9": 0.7152610441767068,
            "1.0": 0.7056224899598393
        },
        "roberta": {
            "0.0": 0.795582329317269,
            "0.1": 0.797991967871486,
            "0.2": 0.8004016064257028,
            "0.3": 0.7983935742971887,
            "0.4": 0.7983935742971887,
            "0.6": 0.7943775100401607,
            "0.7": 0.7927710843373494,
            "0.8": 0.7939759036144578,
            "0.9": 0.795582329317269,
            "1.0": 0.7923694779116466
        }
    },
    "language_hi_done": {
        "bert": {
            "0.0": 0.5971887550200803,
            "0.1": 0.6004016064257028,
            "0.2": 0.5959839357429719,
            "0.3": 0.5919678714859438,
            "0.4": 0.5899598393574297,
            "0.6": 0.5831325301204819,
            "0.7": 0.5771084337349398,
            "0.8": 0.5698795180722892,
            "0.9": 0.5606425702811245,
            "1.0": 0.5534136546184739
        },
        "roberta": {
            "0.0": 0.7,
            "0.1": 0.7012048192771084,
            "0.2": 0.7052208835341366,
            "0.3": 0.704417670682731,
            "0.4": 0.7040160642570281,
            "0.6": 0.7028112449799196,
            "0.7": 0.708433734939759,
            "0.8": 0.7104417670682731,
            "0.9": 0.7076305220883534,
            "1.0": 0.7056224899598393
        }
    },
    "language_de_done": {
        "bert": {
            "0.0": 0.7136546184738956,
            "0.1": 0.7136546184738956,
            "0.2": 0.7096385542168675,
            "0.3": 0.7096385542168675,
            "0.4": 0.7088353413654619,
            "0.6": 0.6971887550200804,
            "0.7": 0.6943775100401607,
            "0.8": 0.6887550200803213,
            "0.9": 0.685140562248996,
            "1.0": 0.6767068273092369
        },
        "roberta": {
            "0.0": 0.763855421686747,
            "0.1": 0.765863453815261,
            "0.2": 0.7678714859437751,
            "0.3": 0.7654618473895582,
            "0.4": 0.7686746987951807,
            "0.6": 0.7710843373493976,
            "0.7": 0.7698795180722892,
            "0.8": 0.7694779116465863,
            "0.9": 0.7670682730923695,
            "1.0": 0.7678714859437751
        }
    },
    "language_zh_done": {
        "bert": {
            "0.0": 0.7004016064257028,
            "0.1": 0.6931726907630522,
            "0.2": 0.6931726907630522,
            "0.3": 0.691566265060241,
            "0.4": 0.6899598393574298,
            "0.6": 0.6879518072289157,
            "0.7": 0.685140562248996,
            "0.8": 0.6759036144578313,
            "0.9": 0.6590361445783133,
            "1.0": 0.629718875502008
        },
        "roberta": {
            "0.0": 0.7449799196787149,
            "0.1": 0.7441767068273092,
            "0.2": 0.7477911646586345,
            "0.3": 0.7481927710843373,
            "0.4": 0.7493975903614458,
            "0.6": 0.7562248995983936,
            "0.7": 0.7558232931726908,
            "0.8": 0.7550200803212851,
            "0.9": 0.7558232931726908,
            "1.0": 0.7562248995983936
        }
    },
    "language_fr_done": {
        "bert": {
            "0.0": 0.7385542168674699,
            "0.1": 0.7337349397590361,
            "0.2": 0.7333333333333333,
            "0.3": 0.729718875502008,
            "0.4": 0.7281124497991968,
            "0.6": 0.7257028112449799,
            "0.7": 0.7200803212851405,
            "0.8": 0.7136546184738956,
            "0.9": 0.7012048192771084,
            "1.0": 0.6843373493975904
        },
        "roberta": {
            "0.0": 0.7763052208835342,
            "0.1": 0.7799196787148595,
            "0.2": 0.7775100401606426,
            "0.3": 0.7823293172690763,
            "0.4": 0.7815261044176707,
            "0.6": 0.7811244979919679,
            "0.7": 0.7819277108433735,
            "0.8": 0.7799196787148595,
            "0.9": 0.7775100401606426,
            "1.0": 0.7791164658634538
        }
    },
    "language_ru_done": {
        "bert": {
            "0.0": 0.668273092369478,
            "0.1": 0.668273092369478,
            "0.2": 0.6650602409638554,
            "0.3": 0.6646586345381527,
            "0.4": 0.6654618473895583,
            "0.6": 0.6578313253012048,
            "0.7": 0.6514056224899598,
            "0.8": 0.6417670682730924,
            "0.9": 0.6337349397590362,
            "1.0": 0.6248995983935743
        },
        "roberta": {
            "0.0": 0.7530120481927711,
            "0.1": 0.7526104417670683,
            "0.2": 0.7506024096385542,
            "0.3": 0.751004016064257,
            "0.4": 0.7526104417670683,
            "0.6": 0.7522088353413655,
            "0.7": 0.7526104417670683,
            "0.8": 0.7534136546184739,
            "0.9": 0.7522088353413655,
            "1.0": 0.7518072289156627
        }
    }
}