{
    "language_en_done": {
        "bert": {
            "0.0": 0.8309236947791164,
            "0.1": 0.8293172690763052,
            "0.2": 0.8289156626506025,
            "0.3": 0.827710843373494,
            "0.4": 0.8265060240963855,
            "0.6": 0.8253012048192772,
            "0.7": 0.8244979919678714,
            "0.8": 0.8228915662650602,
            "0.9": 0.8192771084337349,
            "1.0": 0.8152610441767069
        },
        "roberta": {
            "0.0": 0.8493975903614458,
            "0.1": 0.8481927710843373,
            "0.2": 0.8465863453815261,
            "0.3": 0.8457831325301205,
            "0.4": 0.8441767068273093,
            "0.6": 0.846987951807229,
            "0.7": 0.8485943775100402,
            "0.8": 0.8477911646586346,
            "0.9": 0.846987951807229,
            "1.0": 0.8457831325301205
        }
    },
    "language_es_done": {
        "bert": {
            "0.0": 0.7522088353413655,
            "0.1": 0.7530120481927711,
            "0.2": 0.7526104417670683,
            "0.3": 0.7506024096385542,
            "0.4": 0.7502008032128514,
            "0.6": 0.7433734939759036,
            "0.7": 0.7401606425702811,
            "0.8": 0.738152610441767,
            "0.9": 0.7329317269076305,
            "1.0": 0.7236947791164658
        },
        "roberta": {
            "0.0": 0.795582329317269,
            "0.1": 0.797991967871486,
            "0.2": 0.8004016064257028,
            "0.3": 0.7983935742971887,
            "0.4": 0.7983935742971887,
            "0.6": 0.7943775100401607,
            "0.7": 0.7927710843373494,
            "0.8": 0.7939759036144578,
            "0.9": 0.795582329317269,
            "1.0": 0.7923694779116466
        }
    },
    "language_hi_done": {
        "bert": {
            "0.0": 0.6096385542168675,
            "0.1": 0.6060240963855422,
            "0.2": 0.6012048192771084,
            "0.3": 0.5995983935742972,
            "0.4": 0.6036144578313253,
            "0.6": 0.5967871485943775,
            "0.7": 0.593574297188755,
            "0.8": 0.5859437751004016,
            "0.9": 0.5795180722891566,
            "1.0": 0.5690763052208835
        },
        "roberta": {
            "0.0": 0.7,
            "0.1": 0.7012048192771084,
            "0.2": 0.7052208835341366,
            "0.3": 0.704417670682731,
            "0.4": 0.7040160642570281,
            "0.6": 0.7028112449799196,
            "0.7": 0.708433734939759,
            "0.8": 0.7104417670682731,
            "0.9": 0.7076305220883534,
            "1.0": 0.7056224899598393
        }
    },
    "language_de_done": {
        "bert": {
            "0.0": 0.7224899598393574,
            "0.1": 0.7261044176706827,
            "0.2": 0.7232931726907631,
            "0.3": 0.7204819277108434,
            "0.4": 0.721285140562249,
            "0.6": 0.7164658634538152,
            "0.7": 0.7124497991967872,
            "0.8": 0.7060240963855422,
            "0.9": 0.6995983935742972,
            "1.0": 0.6847389558232931
        },
        "roberta": {
            "0.0": 0.763855421686747,
            "0.1": 0.765863453815261,
            "0.2": 0.7678714859437751,
            "0.3": 0.7654618473895582,
            "0.4": 0.7686746987951807,
            "0.6": 0.7710843373493976,
            "0.7": 0.7698795180722892,
            "0.8": 0.7694779116465863,
            "0.9": 0.7670682730923695,
            "1.0": 0.7678714859437751
        }
    },
    "language_zh_done": {
        "bert": {
            "0.0": 0.6518072289156627,
            "0.1": 0.6550200803212851,
            "0.2": 0.6534136546184739,
            "0.3": 0.6538152610441768,
            "0.4": 0.6566265060240963,
            "0.6": 0.6570281124497992,
            "0.7": 0.6570281124497992,
            "0.8": 0.655421686746988,
            "0.9": 0.6510040160642571,
            "1.0": 0.6429718875502008
        },
        "roberta": {
            "0.0": 0.7449799196787149,
            "0.1": 0.7441767068273092,
            "0.2": 0.7477911646586345,
            "0.3": 0.7481927710843373,
            "0.4": 0.7493975903614458,
            "0.6": 0.7562248995983936,
            "0.7": 0.7558232931726908,
            "0.8": 0.7550200803212851,
            "0.9": 0.7558232931726908,
            "1.0": 0.7562248995983936
        }
    }
}