{
    "language_en_done": {
        "granite": {
            "0.0": 0.9315809818322381,
            "0.1": 0.9344894026974951,
            "0.2": 0.9202926453600309,
            "0.3": 0.013029315960912053,
            "0.4": 0.0,
            "0.5": 0.0,
            "0.6": 0.0,
            "0.7": 0.0,
            "0.8": 0.0,
            "0.9": 0.0,
            "1.0": 0.0
        }
    },
    "granite": {},
    "language_es_done": {
        "granite": {
            "0.0": 0.2985979537703676,
            "0.1": 0.254320987654321,
            "0.2": 0.15988779803646563,
            "0.3": 0.0,
            "0.4": 0.0,
            "0.5": 0.0,
            "0.6": 0.0,
            "0.7": 0.0,
            "0.8": 0.0,
            "0.9": 0.0,
            "1.0": 0.0
        }
    },
    "language_hi_done": {
        "granite": {
            "0.0": 0.012167457207671685,
            "0.1": 0.015097690941385435,
            "0.2": 0.0290846877673225,
            "0.3": 0.053688345700567436,
            "0.4": 0.06080305927342256,
            "0.5": 0.0016304347826086956,
            "0.6": 0.0,
            "0.7": 0.0,
            "0.8": 0.0,
            "0.9": 0.0,
            "1.0": 0.0
        }
    },
    "language_de_done": {
        "granite": {
            "0.0": 0.4124438742783836,
            "0.1": 0.4293193717277487,
            "0.2": 0.4648511716276124,
            "0.3": 0.395625,
            "0.4": 0.2625482625482625,
            "0.5": 0.10118555279845602,
            "0.6": 0.0,
            "0.7": 0.0,
            "0.8": 0.0,
            "0.9": 0.0,
            "1.0": 0.0
        }
    },
    "language_zh_done": {
        "granite": {
            "0.0": 0.09520766773162939,
            "0.1": 0.0974264705882353,
            "0.2": 0.07940190770817221,
            "0.3": 0.05764411027568922,
            "0.4": 0.03411473222793977,
            "0.5": 0.015055640410211651,
            "0.6": 0.0,
            "0.7": 0.0,
            "0.8": 0.0,
            "0.9": 0.0,
            "1.0": 0.0
        }
    },
    "language_fr_done": {
        "granite": {
            "0.0": 0.3108003108003108,
            "0.1": 0.31483622350674373,
            "0.2": 0.10241788321167883,
            "0.3": 0.0004803073967339097,
            "0.4": 0.0,
            "0.5": 0.0,
            "0.6": 0.0,
            "0.7": 0.0,
            "0.8": 0.0,
            "0.9": 0.0,
            "1.0": 0.0
        }
    },
    "language_ru_done": {
        "granite": {
            "0.0": 0.19192357794181503,
            "0.1": 0.18772277227722772,
            "0.2": 0.1899166034874905,
            "0.3": 0.13874841972187105,
            "0.4": 0.08945386064030132,
            "0.5": 0.07549019607843137,
            "0.6": 0.01609322974472808,
            "0.7": 0.0,
            "0.8": 0.0,
            "0.9": 0.0,
            "1.0": 0.0
        }
    }
}