{
    "language_en_done": {
        "bert": {
            "0.0": 0.9857581681094666,
            "0.1": 0.9855836358559061,
            "0.2": 0.985513822954482,
            "0.3": 0.9856185423066183,
            "0.4": 0.9854091036023457,
            "0.6": 0.9850600390952248,
            "0.7": 0.9850251326445127,
            "0.8": 0.984780787489528,
            "0.9": 0.9846760681373918,
            "1.0": 0.9845015358838314
        },
        "roberta": {
            "0.0": 0.987049706785814,
            "0.1": 0.9871544261379503,
            "0.2": 0.9872242390393745,
            "0.3": 0.9873289583915108,
            "0.4": 0.987433677743647,
            "0.6": 0.9875034906450713,
            "0.7": 0.9872591454900865,
            "0.8": 0.9869100809829656,
            "0.9": 0.986665735827981,
            "1.0": 0.9863864842222843
        }
    },
    "language_es_done": {
        "bert": {
            "0.0": 0.8407325194228635,
            "0.1": 0.8419216743301094,
            "0.2": 0.8422916336345859,
            "0.3": 0.8428465725913007,
            "0.4": 0.8437450451878865,
            "0.6": 0.8435600655356482,
            "0.7": 0.8437450451878865,
            "0.8": 0.8435600655356482,
            "0.9": 0.8435336398710428,
            "1.0": 0.8438771735109138
        },
        "roberta": {
            "0.0": 0.8624808413931611,
            "0.1": 0.8637228476296179,
            "0.2": 0.8643570635801491,
            "0.3": 0.8652555361767349,
            "0.4": 0.8659954547856878,
            "0.6": 0.8660218804502934,
            "0.7": 0.8658633264626605,
            "0.8": 0.8652555361767349,
            "0.9": 0.8650705565244966,
            "1.0": 0.8642249352571217
        }
    },
    "language_hi_done": {
        "bert": {
            "0.0": 0.6695913905216231,
            "0.1": 0.674333418519465,
            "0.2": 0.6785359343498878,
            "0.3": 0.6821989380128916,
            "0.4": 0.6846977312093591,
            "0.6": 0.6884175256268279,
            "0.7": 0.6883607348723628,
            "0.8": 0.6895533407161314,
            "0.9": 0.6899792713746202,
            "1.0": 0.6906607604282022
        },
        "roberta": {
            "0.0": 0.7315784990203595,
            "0.1": 0.735525456455689,
            "0.2": 0.7390464832325297,
            "0.3": 0.7420563932191839,
            "0.4": 0.7446971633018145,
            "0.6": 0.7502058664849363,
            "0.7": 0.7521083567595196,
            "0.8": 0.7537552886390095,
            "0.9": 0.7550046852372434,
            "1.0": 0.7562824772127098
        }
    },
    "language_de_done": {
        "bert": {
            "0.0": 0.8869028788358114,
            "0.1": 0.8869819677317304,
            "0.2": 0.8871401455235685,
            "0.3": 0.8884055678582727,
            "0.4": 0.8892755457133819,
            "0.6": 0.8893546346093009,
            "0.7": 0.8890382790256248,
            "0.8": 0.8891964568174628,
            "0.9": 0.8887219234419488,
            "1.0": 0.8888010123378678
        },
        "roberta": {
            "0.0": 0.8812084783296426,
            "0.1": 0.8840556785827269,
            "0.2": 0.8857956342929453,
            "0.3": 0.8869028788358114,
            "0.4": 0.8890382790256248,
            "0.6": 0.8928345460297374,
            "0.7": 0.8933881683011705,
            "0.8": 0.8942581461562796,
            "0.9": 0.8950490351154697,
            "1.0": 0.8948908573236317
        }
    },
    "language_zh_done": {
        "bert": {
            "0.0": 0.6645344705046198,
            "0.1": 0.6652452025586354,
            "0.2": 0.6657979941562031,
            "0.3": 0.6655610834715312,
            "0.4": 0.6669825475795625,
            "0.6": 0.6671404880360104,
            "0.7": 0.6669825475795625,
            "0.8": 0.6658769643844271,
            "0.9": 0.6647713811892917,
            "1.0": 0.6638237384506042
        },
        "roberta": {
            "0.0": 0.46395009081576244,
            "0.1": 0.44191739714127776,
            "0.2": 0.4164100134249388,
            "0.3": 0.39129748084971966,
            "0.4": 0.36902787649056307,
            "0.6": 0.32859511963989574,
            "0.7": 0.31414356787491116,
            "0.8": 0.3009555397615099,
            "0.9": 0.29061043986417123,
            "1.0": 0.28034431019505646
        }
    },
    "language_fr_done": {
        "bert": {
            "0.0": 0.812088748708467,
            "0.1": 0.8156506607210833,
            "0.2": 0.8191038120615586,
            "0.3": 0.8223122518897167,
            "0.4": 0.8247049866768177,
            "0.6": 0.8294360759149492,
            "0.7": 0.8312850073413454,
            "0.8": 0.8323726140627549,
            "0.9": 0.8333786502800588,
            "1.0": 0.8344934471695035
        },
        "roberta": {
            "0.0": 0.8753058893903964,
            "0.1": 0.8772092011528632,
            "0.2": 0.8785958997226603,
            "0.3": 0.8796835064440698,
            "0.4": 0.8806351623253031,
            "0.6": 0.8809070640056555,
            "0.7": 0.8806079721572679,
            "0.8": 0.8803904508129861,
            "0.9": 0.8795747457719288,
            "1.0": 0.879357224427647
        }
    },
    "language_ru_done": {
        "bert": {
            "0.0": 0.8531898539584934,
            "0.1": 0.8532752583482791,
            "0.2": 0.8532752583482791,
            "0.3": 0.8531898539584934,
            "0.4": 0.8530190451789222,
            "0.6": 0.8521650012810659,
            "0.7": 0.8519087881117089,
            "0.8": 0.8513109573832095,
            "0.9": 0.8510547442138526,
            "1.0": 0.8508839354342813
        },
        "roberta": {
            "0.0": 0.8962336664104535,
            "0.1": 0.8960628576308822,
            "0.2": 0.8959774532410966,
            "0.3": 0.8958066444615254,
            "0.4": 0.8954650269023828,
            "0.6": 0.8941839610555983,
            "0.7": 0.8936715347168844,
            "0.8": 0.8933299171577419,
            "0.9": 0.8928174908190281,
            "1.0": 0.892134255700743
        }
    }
}