{
    "language_en_done": {
        "bert": {
            "0.0": 0.9802778553476682,
            "0.1": 0.9803825746998045,
            "0.2": 0.9804872940519408,
            "0.3": 0.9802778553476682,
            "0.4": 0.9801033230941077,
            "0.6": 0.980173135995532,
            "0.7": 0.9800335101926836,
            "0.8": 0.9795448198827144,
            "0.9": 0.9789863166713209,
            "1.0": 0.9784627199106395
        },
        "roberta": {
            "0.0": 0.987049706785814,
            "0.1": 0.9871544261379503,
            "0.2": 0.9872242390393745,
            "0.3": 0.9873289583915108,
            "0.4": 0.987433677743647,
            "0.6": 0.9875034906450713,
            "0.7": 0.9872591454900865,
            "0.8": 0.9869100809829656,
            "0.9": 0.986665735827981,
            "1.0": 0.9863864842222843
        }
    },
    "language_es_done": {
        "bert": {
            "0.0": 0.8387505945774536,
            "0.1": 0.839173405211141,
            "0.2": 0.8389355742296919,
            "0.3": 0.8386713175836372,
            "0.4": 0.8375878653348132,
            "0.6": 0.8354473865017705,
            "0.7": 0.8337032926378098,
            "0.8": 0.8316685164631891,
            "0.9": 0.8287881190211934,
            "1.0": 0.8257227419269595
        },
        "roberta": {
            "0.0": 0.8624808413931611,
            "0.1": 0.8637228476296179,
            "0.2": 0.8643570635801491,
            "0.3": 0.8652555361767349,
            "0.4": 0.8659954547856878,
            "0.6": 0.8660218804502934,
            "0.7": 0.8658633264626605,
            "0.8": 0.8652555361767349,
            "0.9": 0.8650705565244966,
            "1.0": 0.8642249352571217
        }
    },
    "language_hi_done": {
        "bert": {
            "0.0": 0.7275179600760996,
            "0.1": 0.7275747508305648,
            "0.2": 0.7282278445069142,
            "0.3": 0.7286253797881704,
            "0.4": 0.7281142629979839,
            "0.6": 0.7262685634778658,
            "0.7": 0.7251895391430275,
            "0.8": 0.724678422352841,
            "0.9": 0.7234006303773746,
            "1.0": 0.7219808615157453
        },
        "roberta": {
            "0.0": 0.7315784990203595,
            "0.1": 0.735525456455689,
            "0.2": 0.7390464832325297,
            "0.3": 0.7420563932191839,
            "0.4": 0.7446971633018145,
            "0.6": 0.7502058664849363,
            "0.7": 0.7521083567595196,
            "0.8": 0.7537552886390095,
            "0.9": 0.7550046852372434,
            "1.0": 0.7562824772127098
        }
    },
    "language_de_done": {
        "bert": {
            "0.0": 0.8876937677950015,
            "0.1": 0.8877728566909205,
            "0.2": 0.8879310344827587,
            "0.3": 0.8879310344827587,
            "0.4": 0.8874565011072445,
            "0.6": 0.8864283454602974,
            "0.7": 0.8851629231255932,
            "0.8": 0.8849256564378362,
            "0.9": 0.8851629231255932,
            "1.0": 0.8840556785827269
        },
        "roberta": {
            "0.0": 0.8812084783296426,
            "0.1": 0.8840556785827269,
            "0.2": 0.8857956342929453,
            "0.3": 0.8869028788358114,
            "0.4": 0.8890382790256248,
            "0.6": 0.8928345460297374,
            "0.7": 0.8933881683011705,
            "0.8": 0.8942581461562796,
            "0.9": 0.8950490351154697,
            "1.0": 0.8948908573236317
        }
    },
    "language_zh_done": {
        "bert": {
            "0.0": 0.6493721866856195,
            "0.1": 0.6508726210218747,
            "0.2": 0.6517412935323383,
            "0.3": 0.6518202637605622,
            "0.4": 0.6515833530758904,
            "0.6": 0.648345573718708,
            "0.7": 0.6451867645897497,
            "0.8": 0.6417120745478955,
            "0.9": 0.6376845929084735,
            "1.0": 0.6337360814972756
        },
        "roberta": {
            "0.0": 0.46395009081576244,
            "0.1": 0.44191739714127776,
            "0.2": 0.4164100134249388,
            "0.3": 0.39129748084971966,
            "0.4": 0.36902787649056307,
            "0.6": 0.32859511963989574,
            "0.7": 0.31414356787491116,
            "0.8": 0.3009555397615099,
            "0.9": 0.29061043986417123,
            "1.0": 0.28034431019505646
        }
    }
}