{
    "language_en_done": {
        "bert": {
            "0.0": 68.0672268907563,
            "0.1": 65.54621848739495,
            "0.2": 66.38655462184875,
            "0.3": 67.22689075630252,
            "0.4": 67.22689075630252,
            "0.5": 67.22689075630252,
            "0.6": 64.70588235294117,
            "0.7": 65.54621848739495,
            "0.8": 67.22689075630252,
            "0.9": 66.38655462184875,
            "1.0": 66.38655462184875
        },
        "roberta": {
            "0.0": 75.63025210084034,
            "0.1": 75.63025210084034,
            "0.2": 76.47058823529412,
            "0.3": 75.63025210084034,
            "0.4": 74.78991596638656,
            "0.5": 75.63025210084034,
            "0.6": 75.63025210084034,
            "0.7": 74.78991596638656,
            "0.8": 74.78991596638656,
            "0.9": 73.94957983193277,
            "1.0": 73.94957983193277
        },
        "qwen": {
            "0.0": 0.5714285714285714,
            "0.1": 0.5294117647058824,
            "0.2": 0.44537815126050423,
            "0.3": 0.05042016806722689,
            "0.4": 0.0,
            "0.5": 0.0,
            "0.6": 0.0,
            "0.7": 0.0,
            "0.8": 0.0,
            "0.9": 0.0,
            "1.0": 0.0
        },
        "granite": {
            "0.0": 0.5546218487394958,
            "0.1": 0.5714285714285714,
            "0.2": 0.35294117647058826,
            "0.3": 0.0,
            "0.4": 0.0,
            "0.5": 0.0,
            "0.6": 0.0,
            "0.7": 0.0,
            "0.8": 0.0,
            "0.9": 0.0,
            "1.0": 0.0
        }
    },
    "bert": {},
    "roberta": {},
    "qwen": {},
    "granite": {},
    "language_es_done": {
        "bert": {
            "0.0": 58.8235294117647,
            "0.1": 59.66386554621849,
            "0.2": 57.983193277310924,
            "0.3": 57.142857142857146,
            "0.4": 57.142857142857146,
            "0.5": 57.983193277310924,
            "0.6": 57.142857142857146,
            "0.7": 54.621848739495796,
            "0.8": 57.142857142857146,
            "0.9": 57.142857142857146,
            "1.0": 54.621848739495796
        },
        "roberta": {
            "0.0": 62.18487394957983,
            "0.1": 61.34453781512605,
            "0.2": 62.18487394957983,
            "0.3": 63.865546218487395,
            "0.4": 63.865546218487395,
            "0.5": 63.02521008403362,
            "0.6": 60.50420168067227,
            "0.7": 57.983193277310924,
            "0.8": 57.983193277310924,
            "0.9": 57.983193277310924,
            "1.0": 57.983193277310924
        },
        "qwen": {
            "0.0": 0.44537815126050423,
            "0.1": 0.47058823529411764,
            "0.2": 0.2773109243697479,
            "0.3": 0.0,
            "0.4": 0.0,
            "0.5": 0.0,
            "0.6": 0.0,
            "0.7": 0.0,
            "0.8": 0.0,
            "0.9": 0.0,
            "1.0": 0.0
        },
        "granite": {
            "0.0": 0.33613445378151263,
            "0.1": 0.3445378151260504,
            "0.2": 0.12605042016806722,
            "0.3": 0.0,
            "0.4": 0.0,
            "0.5": 0.0,
            "0.6": 0.0,
            "0.7": 0.0,
            "0.8": 0.0,
            "0.9": 0.0,
            "1.0": 0.0
        }
    },
    "language_hi_done": {
        "bert": {
            "0.0": 46.21848739495798,
            "0.1": 49.57983193277311,
            "0.2": 49.57983193277311,
            "0.3": 48.739495798319325,
            "0.4": 48.739495798319325,
            "0.5": 48.739495798319325,
            "0.6": 45.378151260504204,
            "0.7": 37.81512605042017,
            "0.8": 36.134453781512605,
            "0.9": 32.773109243697476,
            "1.0": 30.252100840336134
        },
        "roberta": {
            "0.0": 54.621848739495796,
            "0.1": 57.983193277310924,
            "0.2": 58.8235294117647,
            "0.3": 60.50420168067227,
            "0.4": 61.34453781512605,
            "0.5": 60.50420168067227,
            "0.6": 59.66386554621849,
            "0.7": 59.66386554621849,
            "0.8": 59.66386554621849,
            "0.9": 57.983193277310924,
            "1.0": 56.30252100840336
        },
        "qwen": {
            "0.0": 0.18487394957983194,
            "0.1": 0.18487394957983194,
            "0.2": 0.03361344537815126,
            "0.3": 0.0,
            "0.4": 0.0,
            "0.5": 0.0,
            "0.6": 0.0,
            "0.7": 0.0,
            "0.8": 0.0,
            "0.9": 0.0,
            "1.0": 0.0
        },
        "granite": {
            "0.0": 0.1092436974789916,
            "0.1": 0.14285714285714285,
            "0.2": 0.08403361344537816,
            "0.3": 0.0,
            "0.4": 0.0,
            "0.5": 0.0,
            "0.6": 0.0,
            "0.7": 0.0,
            "0.8": 0.0,
            "0.9": 0.0,
            "1.0": 0.0
        }
    },
    "language_de_done": {
        "bert": {
            "0.0": 60.50420168067227,
            "0.1": 60.50420168067227,
            "0.2": 60.50420168067227,
            "0.3": 60.50420168067227,
            "0.4": 60.50420168067227,
            "0.5": 61.34453781512605,
            "0.6": 63.02521008403362,
            "0.7": 62.18487394957983,
            "0.8": 58.8235294117647,
            "0.9": 56.30252100840336,
            "1.0": 56.30252100840336
        },
        "roberta": {
            "0.0": 60.50420168067227,
            "0.1": 59.66386554621849,
            "0.2": 59.66386554621849,
            "0.3": 58.8235294117647,
            "0.4": 58.8235294117647,
            "0.5": 57.983193277310924,
            "0.6": 57.142857142857146,
            "0.7": 57.983193277310924,
            "0.8": 57.142857142857146,
            "0.9": 57.142857142857146,
            "1.0": 57.142857142857146
        },
        "qwen": {
            "0.0": 0.3949579831932773,
            "0.1": 0.3949579831932773,
            "0.2": 0.24369747899159663,
            "0.3": 0.0,
            "0.4": 0.0,
            "0.5": 0.0,
            "0.6": 0.0,
            "0.7": 0.0,
            "0.8": 0.0,
            "0.9": 0.0,
            "1.0": 0.0
        },
        "granite": {
            "0.0": 0.40336134453781514,
            "0.1": 0.4117647058823529,
            "0.2": 0.2773109243697479,
            "0.3": 0.0,
            "0.4": 0.0,
            "0.5": 0.0,
            "0.6": 0.0,
            "0.7": 0.0,
            "0.8": 0.0,
            "0.9": 0.0,
            "1.0": 0.0
        }
    },
    "language_zh_done": {
        "bert": {
            "0.0": 47.05882352941177,
            "0.1": 46.21848739495798,
            "0.2": 46.21848739495798,
            "0.3": 47.05882352941177,
            "0.4": 47.05882352941177,
            "0.5": 45.378151260504204,
            "0.6": 44.53781512605042,
            "0.7": 39.49579831932773,
            "0.8": 36.97478991596638,
            "0.9": 36.97478991596638,
            "1.0": 37.81512605042017
        },
        "roberta": {
            "0.0": 58.8235294117647,
            "0.1": 60.50420168067227,
            "0.2": 61.34453781512605,
            "0.3": 63.865546218487395,
            "0.4": 64.70588235294117,
            "0.5": 63.865546218487395,
            "0.6": 63.865546218487395,
            "0.7": 63.865546218487395,
            "0.8": 63.865546218487395,
            "0.9": 64.70588235294117,
            "1.0": 64.70588235294117
        },
        "qwen": {
            "0.0": 0.453781512605042,
            "0.1": 0.453781512605042,
            "0.2": 0.3865546218487395,
            "0.3": 0.008403361344537815,
            "0.4": 0.0,
            "0.5": 0.0,
            "0.6": 0.0,
            "0.7": 0.0,
            "0.8": 0.0,
            "0.9": 0.0,
            "1.0": 0.0
        },
        "granite": {
            "0.0": 0.4789915966386555,
            "0.1": 0.453781512605042,
            "0.2": 0.2689075630252101,
            "0.3": 0.008403361344537815,