model,language,en_cossim
bert,es,0.37521422
bert,de,0.35347614
bert,hi,0.28209987
bert,zh,0.3243455
bert,fr,0.38768497
bert,ru,0.31634948
roberta,es,0.6755509
roberta,de,0.6537194
roberta,hi,0.54227036
roberta,zh,0.5900735
roberta,fr,0.6888617
roberta,ru,0.57268834
