{
    "language_en_done": {
        "qwen": {
            "0.0": {
                "uas": 59.1229444009397,
                "las": 50.35238841033672
            },
            "0.1": {
                "uas": 57.68025078369906,
                "las": 49.843260188087775
            },
            "0.2": {
                "uas": 60.296411856474265,
                "las": 52.26209048361935
            },
            "0.3": {
                "uas": 53.72093023255814,
                "las": 46.04651162790698
            },
            "0.4": {
                "uas": 37.7587437544611,
                "las": 29.407566024268377
            },
            "0.6": {
                "uas": 0.0,
                "las": 0.0
            },
            "0.7": {
                "uas": 0.0,
                "las": 0.0
            },
            "0.8": {
                "uas": 0.0,
                "las": 0.0
            },
            "0.9": {
                "uas": 0.0,
                "las": 0.0
            },
            "1.0": {
                "uas": 0.0,
                "las": 0.0
            }
        }
    },
    "qwen": {},
    "language_es_done": {
        "qwen": {
            "0.0": {
                "uas": 28.117738187451586,
                "las": 18.357862122385747
            },
            "0.1": {
                "uas": 30.312499999999996,
                "las": 20.46875
            },
            "0.2": {
                "uas": 31.86046511627907,
                "las": 22.325581395348838
            },
            "0.3": {
                "uas": 25.178316690442227,
                "las": 15.192582025677604
            },
            "0.4": {
                "uas": 6.954887218045112,
                "las": 2.568922305764411
            },
            "0.6": {
                "uas": 0.0,
                "las": 0.0
            },
            "0.7": {
                "uas": 0.0,
                "las": 0.0
            },
            "0.8": {
                "uas": 0.0,
                "las": 0.0
            },
            "0.9": {
                "uas": 0.0,
                "las": 0.0
            },
            "1.0": {
                "uas": 0.0,
                "las": 0.0
            }
        }
    },
    "language_hi_done": {
        "qwen": {
            "0.0": {
                "uas": 13.333333333333334,
                "las": 2.3255813953488373
            },
            "0.1": {
                "uas": 13.5258358662614,
                "las": 1.5197568389057752
            },
            "0.2": {
                "uas": 10.616184112843357,
                "las": 1.4105419450631032
            },
            "0.3": {
                "uas": 10.190114068441064,
                "las": 1.7490494296577948
            },
            "0.4": {
                "uas": 0.7550335570469799,
                "las": 0.0
            },
            "0.6": {
                "uas": 0.0,
                "las": 0.0
            },
            "0.7": {
                "uas": 0.0,
                "las": 0.0
            },
            "0.8": {
                "uas": 0.0,
                "las": 0.0
            },
            "0.9": {
                "uas": 0.0,
                "las": 0.0
            },
            "1.0": {
                "uas": 0.0,
                "las": 0.0
            }
        }
    },
    "language_de_done": {
        "qwen": {
            "0.0": {
                "uas": 21.236559139784948,
                "las": 12.724014336917563
            },
            "0.1": {
                "uas": 24.889282550930027,
                "las": 16.651904340124005
            },
            "0.2": {
                "uas": 24.37120555073721,
                "las": 15.611448395490028
            },
            "0.3": {
                "uas": 19.715142428785608,
                "las": 9.820089955022489
            },
            "0.4": {
                "uas": 12.456016889514427,
                "las": 4.1520056298381425
            },
            "0.6": {
                "uas": 0.37293553542887586,
                "las": 0.0
            },
            "0.7": {
                "uas": 0.0,
                "las": 0.0
            },
            "0.8": {
                "uas": 0.0,
                "las": 0.0
            },
            "0.9": {
                "uas": 0.0,
                "las": 0.0
            },
            "1.0": {
                "uas": 0.0,
                "las": 0.0
            }
        }
    },
    "language_zh_done": {
        "qwen": {
            "0.0": {
                "uas": 13.274981765134939,
                "las": 3.282275711159737
            },
            "0.1": {
                "uas": 13.376717281272596,
                "las": 3.2537960954446854
            },
            "0.2": {
                "uas": 13.274981765134939,
                "las": 2.5528811086797956
            },
            "0.3": {
                "uas": 11.447562776957163,
                "las": 1.8463810930576072
            },
            "0.4": {
                "uas": 8.296943231441048,
                "las": 1.1644832605531297
            },
            "0.6": {
                "uas": 0.1023541453428864,
                "las": 0.0
            },
            "0.7": {
                "uas": 0.0,
                "las": 0.0
            },
            "0.8": {
                "uas": 0.0,
                "las": 0.0
            },
            "0.9": {
                "uas": 0.0,
                "las": 0.0
            },
            "1.0": {
                "uas": 0.0,
                "las": 0.0
            }
        }
    },
    "language_fr_done": {
        "qwen": {
            "0.0": {
                "uas": 27.51729438893159,
                "las": 17.524980784012296
            },
            "0.1": {
                "uas": 32.12913143735588,
                "las": 20.36894696387394
            },
            "0.2": {
                "uas": 33.43488194973344,
                "las": 22.086824067022086
            },
            "0.3": {
                "uas": 33.68660105980318,
                "las": 22.558667676003026
            },
            "0.4": {
                "uas": 28.74043145441893,
                "las": 17.258176757132915
            },
            "0.6": {
                "uas": 0.024594195769798325,
                "las": 0.0
            },
            "0.7": {
                "uas": 0.0,
                "las": 0.0
            },
            "0.8": {
                "uas": 0.0,
                "las": 0.0
            },
            "0.9": {
                "uas": 0.0,
                "las": 0.0
            },
            "1.0": {
                "uas": 0.0,
                "las": 0.0
            }
        }
    },
    "language_ru_done": {
        "qwen": {
            "0.0": {
                "uas": 23.120452708164915,
                "las": 13.177041228779304
            },
            "0.1": {
                "uas": 24.165988608624897,
                "las": 14.320585842148088
            },
            "0.2": {
                "uas": 18.75492513790386,
                "las": 10.401891252955082
            },
            "0.3": {
                "uas": 11.365313653136532,
                "las": 4.428044280442804
            },
            "0.4": {
                "uas": 0.7614213197969544,
                "las": 0.0
            },
            "0.6": {
                "uas": 0.0,
                "las": 0.0
            },
            "0.7": {
                "uas": 0.0,
                "las": 0.0
            },
            "0.8": {
                "uas": 0.0,
                "las": 0.0
            },
            "0.9": {
                "uas": 0.0,
                "las": 0.0
            },
            "1.0": {
                "uas": 0.0,
                "las": 0.0
            }
        }
    }
}