{
    "language_en_done": {
        "qwen": {
            "0.0": 0.9453067257945307,
            "0.1": 0.9431314623338257,
            "0.2": 0.9334319526627219,
            "0.3": 0.9129464285714286,
            "0.4": 0.33281613653995346,
            "0.6": 0.0,
            "0.7": 0.0,
            "0.8": 0.0,
            "0.9": 0.0,
            "1.0": 0.0
        }
    },
    "qwen": {},
    "language_es_done": {
        "qwen": {
            "0.0": 0.8513513513513513,
            "0.1": 0.8698149329929802,
            "0.2": 0.8917721518987342,
            "0.3": 0.22002908788697279,
            "0.4": 0.00109717868338558,
            "0.6": 0.0,
            "0.7": 0.0,
            "0.8": 0.0,
            "0.9": 0.0,
            "1.0": 0.0
        }
    },
    "language_hi_done": {
        "qwen": {
            "0.0": 0.4098567818028644,
            "0.1": 0.4161367249602544,
            "0.2": 0.4459112577924459,
            "0.3": 0.37625129444252675,
            "0.4": 0.19552572706935123,
            "0.6": 0.0,
            "0.7": 0.0,
            "0.8": 0.0,
            "0.9": 0.0,
            "1.0": 0.0
        }
    },
    "language_de_done": {
        "qwen": {
            "0.0": 0.7595588235294117,
            "0.1": 0.7810693641618497,
            "0.2": 0.7807078417765441,
            "0.3": 0.2491506228765572,
            "0.4": 0.17523896222121074,
            "0.6": 0.0,
            "0.7": 0.0,
            "0.8": 0.0,
            "0.9": 0.0,
            "1.0": 0.0
        }
    },
    "language_zh_done": {
        "qwen": {
            "0.0": 0.5,
            "0.1": 0.4886616273899511,
            "0.2": 0.4026192075218267,
            "0.3": 0.24867724867724866,
            "0.4": 0.22931704608550804,
            "0.6": 0.0,
            "0.7": 0.0,
            "0.8": 0.0,
            "0.9": 0.0,
            "1.0": 0.0
        }
    },
    "language_fr_done": {
        "qwen": {
            "0.0": 0.8525052928722654,
            "0.1": 0.8615600843288826,
            "0.2": 0.8485477178423236,
            "0.3": 0.7587244283995187,
            "0.4": 0.4106280193236715,
            "0.6": 0.0,
            "0.7": 0.0,
            "0.8": 0.0,
            "0.9": 0.0,
            "1.0": 0.0
        }
    },
    "language_ru_done": {
        "qwen": {
            "0.0": 0.7759162303664922,
            "0.1": 0.7488101533580116,
            "0.2": 0.5618653629183904,
            "0.3": 0.3167305236270754,
            "0.4": 0.34265593561368207,
            "0.6": 0.45871794871794874,
            "0.7": 0.7170626349892009,
            "0.8": 0.9019607843137255,
            "0.9": 0.6798307475317349,
            "1.0": 0.377509068923821
        }
    }
}