{
    "language_en_done": {
        "qwen": {
            "0.0": 0.9115830115830116,
            "0.1": 0.8970304666409564,
            "0.2": 0.882941855987678,
            "0.3": 0.8406359053896859,
            "0.4": 0.6089074460681977,
            "0.6": 0.0,
            "0.7": 0.0,
            "0.8": 0.0,
            "0.9": 0.0,
            "1.0": 0.0
        }
    },
    "qwen": {},
    "language_es_done": {
        "qwen": {
            "0.0": 0.31318905675786035,
            "0.1": 0.3501912452188695,
            "0.2": 0.398970398970399,
            "0.3": 0.13349646547036434,
            "0.4": 0.0006195786864931846,
            "0.6": 0.0,
            "0.7": 0.0,
            "0.8": 0.0,
            "0.9": 0.0,
            "1.0": 0.0
        }
    },
    "language_hi_done": {
        "qwen": {
            "0.0": 0.07627564439768543,
            "0.1": 0.06159014557670773,
            "0.2": 0.08611326609775019,
            "0.3": 0.06933553446141147,
            "0.4": 0.0027155465037338763,
            "0.6": 0.0,
            "0.7": 0.0,
            "0.8": 0.0,
            "0.9": 0.0,
            "1.0": 0.0
        }
    },
    "language_de_done": {
        "qwen": {
            "0.0": 0.1843100189035917,
            "0.1": 0.24009779951100244,
            "0.2": 0.37787759685569905,
            "0.3": 0.25469537333944114,
            "0.4": 0.018821603927986905,
            "0.6": 0.0,
            "0.7": 0.0,
            "0.8": 0.0,
            "0.9": 0.0,
            "1.0": 0.0
        }
    },
    "language_zh_done": {
        "qwen": {
            "0.0": 0.17807237549265495,
            "0.1": 0.16385135135135134,
            "0.2": 0.1591796875,
            "0.3": 0.11891042430591933,
            "0.4": 0.07278481012658228,
            "0.6": 0.0,
            "0.7": 0.0,
            "0.8": 0.0,
            "0.9": 0.0,
            "1.0": 0.0
        }
    },
    "language_fr_done": {
        "qwen": {
            "0.0": 0.3018796992481203,
            "0.1": 0.29463346194317785,
            "0.2": 0.31667249213561693,
            "0.3": 0.3009646302250804,
            "0.4": 0.11669405963841277,
            "0.6": 0.0,
            "0.7": 0.0,
            "0.8": 0.0,
            "0.9": 0.0,
            "1.0": 0.0
        }
    },
    "language_ru_done": {
        "qwen": {
            "0.0": 0.35760924158714213,
            "0.1": 0.3659942363112392,
            "0.2": 0.3112403100775194,
            "0.3": 0.17768595041322313,
            "0.4": 0.0,
            "0.6": 0.0,
            "0.7": 0.0,
            "0.8": 0.0,
            "0.9": 0.0,
            "1.0": 0.0
        }
    }
}