{
    "qwen": {
        "0.0": 0.3461123110151188,
        "0.1": 0.32525252525252524,
        "0.2": 0.2905677246312025,
        "0.3": 0.30871559633027523,
        "0.4": 0.3021551724137931,
        "0.6": 0.24747866563227308,
        "0.7": 0.2263577668059248,
        "0.8": 0.18257892734880182,
        "0.9": 0.14893617021276595,
        "1.0": 0.11581422692533803
    }
}